{"_id":{"$oid":"65a19dbb65d6c340b32e0a9d"},"title":"React From Scratch","slug":"react-from-scratch","info":"Welcome to this React From Scratch course\n\nThroughout this course you will find many interesting topics not only to become an expert in React, but also a Front-end expert capable of creating the entire graphical part of a web application, developing dynamic loading screens, integrating your applications with back-end services, authentications and session maintenance, among many complementary React technologies.\n\nThe general syllabus of everything you will learn in this course is\n\nReactJS\n\nReact Templates\n\nPWA - Progressive Web App\n\nAdvanced React Hooks\n\nFunctional Components\n\nReducer's\n\nContext API\n\nReact Router Advanced\n\nCommon User Authentication and OAuth\n\nLazy Loading\n\nLazy Routing\n\nLazy Components\n\nfirebase\n\nRedux\n\nSASS\n\nBootstrap\n\nMaterialize\n\nAnd finally, many additional and complementary technologies of React technology.\n\nThis course is designed to help you not only become a React developer, but also to become a complete Front-end Developer with the ability not only to develop complex or large web applications, but also to be able to implement the whatever is necessary, be it third-party libraries, CSS frameworks, preprocessing technologies such as SASS, and that you know that reinventing the wheel is not necessary and that you get the most out of React.\n\nWithout a doubt, this course is designed to make you an expert in the subject, giving you the ability to develop complex systems or open the doors to easily develop technologies that are born from react such as NextJS, Gatsby, React Native or technologies that give you the ability to integrate React, such as MeteorJS or Ionic.\n\nConcluding with this, I welcome you to this React course from Scratch, so that you can take the next step in your professional career, emphasizing that the general idea of ​​the course is to teach you React in depth but at the same time, generate knowledge of value in the subject, carrying out projects from very simple things to more complicated topics, always learning more and more, reaching the point where the course becomes completely practical after talking about very theoretical topics at the beginning, welcome to the course and a lot luck\n\nWho is this course for?\nJavaScript Developers Interested in REACT\nFrontends JR\nFullstacks with interest in REACT","shortDescription":"Learn React 16, Redux, D3, ES2015, Testing, CSS Flexbox, Animations, SVG, AJAX, and more!","image":"ales-nesetril-Im7lZjxeLhg-unsplash.jpg","level":"Medium","quantityHours":360,"visible":true,"__v":0,"subject":[{"_id":"n_lsc6u9yr_860yw1xdluiolr3fjm6rp","themeTitle":"1.- HTML Basics","themeUrl":"https://www.youtube.com/embed/MJkdaVFHrto","themeDescription":"Basic Concepts "},{"_id":"v_lsc6w0z6_dplpjqtx590rky61xkexo","themeTitle":"2.- Targets","themeUrl":"https://www.youtube.com/embed/3nYLTiY5skU","themeDescription":"Basic Targets"},{"_id":"n_lsc6xgbu_cey7nyqn5g79366e5jhcp","themeTitle":"3.- Project","themeUrl":"https://www.youtube.com/embed/SVomAFpMw30","themeDescription":"HTML Basic Project"}]}
{"_id":{"$oid":"65a19e8b65d6c340b32e0ab5"},"title":"Full stack web development and AI with Python (Django)","slug":"full-stack-web-development-and-ai-with-python-django","info":"MASTERCLASS, WORLD CLASS COURSE - FULL STACK WEB DEVELOPMENT, MACHINE LEARNING + AI INTEGRATIONS\n\nMaster practical and theoretical concepts\n\nThis full stack web development, Django and AI combination course leads you through a complete range of software skills and languages, skilling you up to be an incredibly on-demand developer. The combination of being able to create full-stack websites AND machine learning and AI models is very rare - something referred to as a unAIcorn. This is exactly what you will be able to do by the end of this course.\n\nWhy you need this course\n\nWhether you're looking to get into a high paying job in tech, aspiring to build a portfolio so that you can land remote contracts and work from the beach, or you're looking to grow your own tech start-up, this course will be essential to set you up with the skills and knowledge to develop you into a unAIcorn.\n\nIt won't matter if you're a complete beginner to software or a seasoned veteran. This course will fill all the gaps in between. I will be there with you through your complete learning experience.\n\nWhat you will get out of this course\n\nI will give you straightforward examples, instructions, advice, insights and resources for you to take simple steps to start coding your own programs, solving problems that inspire you and instilling the 'developer's mindset' of problem solving into you.\n\nI don't just throw you in at the deep end - I provide you with the resources to learn and develop what you need at a pace that works for you and then help you stroll through to the finish line. Studies have shown that to learn effectively from online courses tutorials should last around ten minutes each. Therefore to maximise your learning experience all of the lectures in this course have been created around this amount of time or less.\n\nMy course integrates all of the aspects required to get you on the road becoming a successful web, software and machine learning developer. I teach and I preach, with live, practical exercises and walkthroughs throughout each of the sections.\n\n\n\nBy paying a small cost for this course I believe you will get your value back, with a lot more by the time you have completed it.\n\nAsk yourself - how much is mastering a full spectrum of skills in some of of the most exciting areas of software worth to you?\n\nHow long will it take?\n\nAlthough everyone is different, on average it has taken existing students between 1 - 6 months to complete the course, whilst developing their skills and knowledge along the way. It's best not to speed through the content, and instead go through a handful of lectures, try out the concepts by coding, yourself, and move on once you feel you've grasped the basics of those lectures.\n\nWho this is not for\n\nThis course is not for anyone looking for a one-click fix. Although I provide you with a path walked enough times that it can be a smooth journey it still requires time and effort from you to make it happen. If you're not interested in putting in your energy to truly better yours skills then this may not be the right course for you.\n\nIs there a money back guarantee if I'm not happy?\n\nAbsolutely. I am confident that my course will bring you more value than you spend on the course. As one of the top featured Udemy Instructors my motto is 'your success is my success'. If within the first 30 days you feel my course is not going to help you to achieve your goals then you get a no questions asked, full discount.\n\nWhat materials are included?\n\nThe majority of my lectures I have chosen to be as video so that you can hear me and see my workings when we're going through each and every area of the course. I include a vast array of practical projects that you can then use in the future to showcase your skills as you develop them, along with introductory clips and quizzes in each section to ensure that you're grasping the concepts effectively.\n\nI will be consistently adding more content and resources to the course as time goes by. Keep checking back here if you're not sure right now and feel free to send me a message with any questions or requests you may have.\n\nSo go ahead and click the 'Buy now' button when you feel ready on your screen.\n\nI look forward to seeing you in the course.","shortDescription":"HTML, CSS, JavaScript, Python, Django, Pandas, Sklearn, Keras, Git, Linux - Full stack web development /data science/ A","image":"luca-bravo-XJXWbfSo2f0-unsplash.jpg","level":"Easy","quantityHours":400,"visible":true,"__v":0,"subject":[{"_id":"w_lsc7312a_lhwcbr8097hsup8tsp4hv","themeTitle":"1.- AI Concepts","themeUrl":"https://www.youtube.com/embed/7wXJPIiSolo","themeDescription":"Starting with AI concepts"},{"_id":"c_lsc74bxe_jxmodcd6wx2ujv4li8wre","themeTitle":"2.- Python Basics","themeUrl":"https://www.youtube.com/embed/IimBRwHhW54","themeDescription":"Python Basics Concepts"},{"_id":"y_lsc7745m_ymf4fib6hcqu8uppc3nsh","themeTitle":"3.- Django ","themeUrl":"https://www.youtube.com/embed/B8OlRdYwNlA","themeDescription":"Django Framework Concepts"}]}
{"_id":{"$oid":"65a1a00b65d6c340b32e0ac1"},"title":"Programming Fundamentals","slug":"programming-fundamentals","info":"In this Programming Fundamentals course you will learn in a basic and very complete way the most basic notions about software development. This course will give a complete tour of all the most basic concepts to learn to program , which will allow you to understand any language thanks to the global vision that you will acquire. In fact, throughout the course you will learn how to apply each idea in 9 languages ​​simultaneously.\n\nYou will learn the basics of programming in several of the main areas of software development:\n\nweb development\n\nThe development of apps for mobile devices\n\nDesktop application development\n\nI encourage you to view the syllabus and any classes that are available before purchasing the course and you will definitely want to view the rest of the course.\n\nThe languages ​​that we will see in this course are the following:\n\nPython\n\nRuby\n\nJavaScript\n\nPHP\n\nJava\n\nGo\n\nc\n\nC++\n\nC#\n\nYou will also have downloadable teaching material, proposed exercises and examples of use in real-life software , so that you understand how such programs have been developed and you also know how to do it.\n\nThe course is divided into several blocks:\n\n\n\nIntroduction to programming\n\nIn this section you will understand what programming is, what programming languages ​​are, what different types of languages ​​there are, how they interact with the machine's processor, you will know what is really going on inside, what areas of development exist and what languages ​​they are used in. can be carried out, as well as the different tools that you can use to program in each of the 9 languages ​​that are addressed in the course.\n\n\n\nData Management\n\nHere you will learn the types of data that exist, how they are managed in each language, how to do operations with values ​​and advanced resources such as arrays and multi-dimensional matrices to store mass data.\n\n\n\nStructured Programming\n\nIn this section you will understand how the flow of execution of the instructions written in the program code works, in this way you will learn to take control of the execution and decide what your program should do at all times.\n\n\n\nModular Programming\n\nDiscover the most basic ways to group the code into independent blocks to have all the instructions better organized and more optimized. This will help you better maintain and visualize the execution process.\n\n\n\nObject Oriented Programming (OOP)\n\nYou don't know how to program if you don't understand Objects, what they are, how they work, how to create and manage them, as well as establish Inheritance between Objects and the use of Polymorphism. In this section I will show you all these points with several practical examples.\n\nAll concepts are explained in detail, step by step and understanding the why of each thing . This way you can lay the foundations from the beginning in your professional development. This course will allow you to expand to any area of ​​software development.\n\nIsn't it great? Well,  the best of all is that it is within your reach. \n\nBuy the course  and enjoy everything that is waiting for you. \n\nSee you!","shortDescription":"Learn the Basics of Programming in 9 languages ​​at the same time: Java, Python, Go, C++, PHP, Ruby, C#, JavaScript and C","image":"kevin-ku-w7ZyuGYNpRQ-unsplash.jpg","level":"Medium","quantityHours":650,"visible":false,"__v":0,"subject":""}
{"_id":{"$oid":"65a1a08365d6c340b32e0ac6"},"title":"The Complete Web Developer Course 3.0","slug":"the-complete-web-developer-course-30","info":"Welcome to The Complete Web Developer Course 3.0!\n\nThis course was designed and created by Rob Percival and is the MOST CURRENT, IN-DEPTH and UP TO DATE web development course online!\n\nOver 300,000 students have already learnt web development from Rob, so join them today and go from beginner to expert in just six weeks (or take it at your own pace—whatever suits you!)\n\nNo matter where you are in your coding journey, this web developer course is packed full of the high-quality tutorials and hands-on practical projects you need to developer as a coder.\n\n\n\n★★★★★ ‘It has been a wonderful experience, the concepts have been very well articulated. I am enjoying it.’ - Nicholas M.\n\n★★★★★ ‘Awesome course! Very detailed and love the working examples given.' - Vagabond E.\n\n\n\nPractical projects and code builds!\n\nBuild new projects across 14 course sections, and build all of the following (and more!) from scratch:\n\nA Portfolio Website in CSS – a landing page for you to tell the world about you! Show off all projects you’ve finished using this page.\n\nA Wordule Game in Python – make a game to share with friends, and prove your coding chops at the same time!\n\nA Twitter Client – display a twitter feed on your desktop or mobile app with this project build\n\nA working WordPress website – for your or your client, and with a dedicated contact form to gather user data too!\n\nAn App landing page with Bootstrap - exactly what it sounds like!\n\n\n\n★★★★★ ‘I already had a base, self-taught knowledge of HTML and CSS but this course is giving me a real grounding and better knowledge of the actual intricacies and whys and wherefores of why certain things are the way they are. very much enjoying it. - Sarah S.\n\n\n\nSign up to The Complete Web Developers Course 3.0 today and revolutionise your learning. Effortlessly embed the fundamentals. Refresh your groundwork. Dig deeper than ever. Start building powerful apps and cash-earning websites today—and enjoy bigger, brighter opportunities.\n\nI guarantee, this is THE most thorough, laser-focused and up-to-date coding course available ANYWHERE on the market\n\nFree Stuff!\n\nNew students to the course can take advantage of all the freebies that come with the course! The hosting in particular is really popular and very well used by Codestars students! \n\n1 year of free unlimited hosting (worth £119.00), for every new student to the course.\n\nA free copy of my popular eBook ‘How to make $10,000 while learning to code'\n\n3x free Bootstrap themes, that you’ll know exactly how to use after you’ve finished Section 6: Bootstrap!\n\nLearn from the best!!\n\nAs well as learning directly from Rob Percival, in the second half of this course, Rob’s brought in expert instructors to share their skills and expertise with you! You’ll learn directly from master coders, industry experts and instructors who have decades of teaching experience.\n\n\n\n★★★★★ ‘Lots of content and a great way to get an understanding of various coding methods … I definitely recommend.'  - Ian B.\n\n★★★★★ ‘The course is really helping with some troubling spots I have had with my coding journey.'  - Corey H.\n\n\n\nHere’s what you get with The Complete Web Developer Course 3.0:\n\nYou’ll get access to 14 chapters that dig deep into the nitty gritty of building successful websites. Each chapter is supported with intelligent video tutorials and practical coding challenges.\n\nAll at your fingers tips. Right now.\n\nThe course starts with the fundamentals. I’ll show you insider tips to work quickly and efficiently with web technologies like HTML5, CSS3 and JavaScript.\n\nOnce you’ve got that locked down, you’ll master how to build your own responsive websites using more advanced techniques such as jQuery PHP, MySQL and Twitter Bootstrap.\n\nBy then you’ll be developing blogs and sites with WordPress, and learning smart ways to add dynamic content with using APls.\n\nOther course sections let you dive in to Python and build an app landing page, learn how to promote your website and boost your success by mastering SEO, and get to grips with Linux Command Line.\n\nIn each section test your new skills with quizzes, challenges and big project builds and – if you ever get stuck – we’re in the Q&A forum ready to answer your questions!\n\n\n\n★★★★★ ‘I loved this course. Rob explains everything so well. It's easy to understand. You will get the most of this course as long as you're applying immediately as you're learning. His ebook was the perfect bonus, amazing content inside. Gives you the confidence booster needed when entering this new field. Highly recommend for anyone that really wants to learn these computer languages. - Alfany R.\n\n\n\nOver 14 chapters you will learn:\n\nGetting started\n\nHTML\n\nCSS\n\nJavaScript\n\njQuery\n\nBootstrap\n\nWordPress\n\nPHP Coding\n\nMySQL Databases\n\nAPIs\n\nLinux Command Line\n\nPython\n\nSEO – search engine optimisation\n\nWeb Hosting 101\n\n\n\nDon’t waste your time learning from out-of-date books, clunky and expensive online courses and yawnsome YouTube videos again!\n\nWith The Complete Web Developer Course 3.0 everything’s ready to go, in one convenient, mapped-out platform.\n\nPlus you’ll get fast, friendly, responsive support by email, Twitter and on the Udemy forums. Or enjoy chatting with thousands of other students in my friendly forums.\n\n\n\n★★★★★ ‘By far this course is amazing, all thanks to the instructor, his way of teaching is very understandable and easy for most people, well that's just a typical logical guess, anyways good content!!! - Uday S.\n\n\n\nI guarantee that ANYONE can benefit from taking this course, whether it’s earning some extra money or changing your career altogether.\n\n\n\nSo what are you waiting for? Transform your world and sign up to The Complete Web Developer Course 3.0 today!\n\n\n\nHappy coding!\n\nWho is this course for?\nAnyone who wants to learn to code\nAnyone who wants to generate new income streams\nAnyone who wants to build websites\nAnyone who wants to become financially independent\nAnyone who wants to start their own business or become freelance","shortDescription":"Learn Web Development in 2023! Build apps, website, projects using HTML, CSS, Javascript, PHP, Python, MySQL & more!","image":"campaign-creators-iEiUITs149M-unsplash.jpg","level":"Medium","quantityHours":400,"visible":false,"__v":0,"subject":""}
{"_id":{"$oid":"65a1a11565d6c340b32e0acb"},"title":"JavaScript Full- Course from Beginner to Professional","slug":"javascript-full-course-from-beginner-to-professional","info":"JavaScript is the most popular programming language in the world and is growing faster than any other programming language. As a developer, you can use JavaScript to create web and mobile applications , real-time networking applications, command-line tools, and games.\n\nThis course is aimed at people who do not yet know JavaScript or in any case are starting with this Programming Language , we go step by step from the fundamentals to more advanced topics, and with application exercises to better understand the language and the development of your logic.\n\nThe course is aimed at helping you learn to program from scratch using JavaScript as a programming language. If you are a beginner, come with me on this journey where we aim to securely learn the JavaScript language . Along the way you will find lessons explained in detail.\n\nIn the course in general we see the following topics:\n\nWhat is JavaScript ? and its foundations.\n\nVariables, data types, and all the handling of it.\n\nConditional, repetitive statements, functions, objects and arrays.\n\nObject-oriented programming .\n\nExecution contexts, scope, the this object, and more.\n\nInteraction with a web page, manipulation of the DOM , changing elements of a page and its events.\n\nApplication exercises to understand the concepts covered.\n\nModern versions of JavaScript , the new features of ES6+ .\n\nManaging dates and times with JavaScript .\n\nAsynchronous JavaScript : CallBacks, Promises, Async/Await, AJAX calls and APIs .\n\nNode.js , to start creating our own development web server and using other tools.\n\nFirebase , to be able to store information in the cloud, using your Firestore DB .\n\nMany more topics.\n\nWhat some of the students who have already taken the course say:\n\n★★★★★ \"Excellent course, I did not understand the concepts of promises, callbacks and now it is clearer to me and doing my bookstore exercise I understood Dom more\", Lucas Matías\n\n★★★★★ \"Very good course, I think that for those of us who are starting out it is excellent. The only thing is that it is a lot of information at once which makes it monotonous with very little tangible exercise\", Emiliano Negro\n\n★★★★★ \"Very good, all its content is clearly explained and it also gives us the opportunity to put into practice what we have learned with various exercises\", Jhon Cardenas\n\n★★★★★ \"The teacher explains everything in a very intuitive way. It is turning out to be a very enjoyable course to take with very clear explanations.\", Manuel Rodas\n\n★★★★★ \"A course suitable for people new to JavaScript, as well as useful for updating to modern Javascript for those who know classic JavaScript\", Rodrigo Arroyo\n\nNO PRIOR KNOWLEDGE NECESSARY\n\nYou do not need to know JavaScript to take this course. You will learn everything from scratch, step by step. A very basic familiarity with HTML will be helpful but is not necessary.\n\nARE YOU READY TO TAKE THE FIRST STEP TOWARDS BEING A WEB DEVELOPER?\n\nStop wasting your time on disconnected tutorials or super long courses. Enroll in the course to get started, with straight-to-the-point explanations that guarantee your learning. With a 30-day money back guarantee, what do you have to lose? , see you inside.\n\nWho is this course for?\nPeople who want to learn one of the most popular Programming Languages ​​in the world.\nPeople who want to learn how to create real applications using JavaScript.\nPeople who have never programmed and want to learn to program from scratch, using JavaScript.\nPeople who later want to learn a library or Framework such as jQuery, Angular, React or VueJS.","shortDescription":"Modern JavaScript for beginners, learn Fundamentals, OOP, ES6+, Ajax, WebPack, Firebase and Application Examples.","image":"farzad-p-xSl33Wxyc-unsplash.jpg","level":"Medium","quantityHours":500,"visible":false,"__v":0,"subject":""}
